id,cor_sentence
grm2208220053352,그래프를 보고 판단할 때 기울기를 보고 판단할 수는 없는 것일까요?
grm2207150012559,대신 합격증 들고 연락 먼저 주세요.
grm2210130111158,노력한 부분도 있고요!
grm2210050116981,저는 영어 공부를 정말 안 했습니다.
grm2207060034662,최근에는 공사 신검 때문에 육사 컷이 제일 높습니다!
grm2208230070294,같다면 왜 같은 말인가요?
grm2209020076033,그게 더 간단한 것 같아서요.
grm2207140014696,내용도 재밌어서 잠 깨기에 좋았어요
grm2208310043856,시선의 이동이 없고 못 위의 잠은 시선의 이동이 있는 건가요?
grm2207040021487,그리고 연계 교재 공부법에 대해서는 학교에서 연계 교재로 진도를 나갔기 때문에 그냥 진도에 맞춰서 풀고 틀린 문제만 오답했습니다.
grm2208180054938,밀도라는 개념을 전혀 모르는 독자가 이를 도출할 수 있다고 하기에는 매우 어려워 보입니다.
grm2208260055674,"좋은 독해 습관이라고 생각하고, 선생님도 이걸 많이 강조하시더라고요."
grm2210110106725,제발 덮어쓰기 전 버전이 살아났으면 좋겠어.
grm2206220018272,한 명은 너무 많이 하고 한 명은 아무것도 안 한다면서요?
grm2207040036336,대학 생활에서 강제는 없습니다.
grm2207180034159,학업이 이 타이밍에 가장 쉽게 안정적인 과정을 만드는 방법이라고 생각했습니다!
grm2206210032636,틀린 적이 단 한 번도 없었습니다.
grm2209080054804,그런 사람들의 생각을 바꾸기 위한 것이지요.
grm2210070114994,저도 선생님 두 분이랑 방식이 잘 안 맞아서 안 들었고요.
grm2209020081546,어제 질문을 남겼는데 제 뒤로는 모두 답변이 달려서요 제 질문이 누락된 것 같습니다.
grm2207120010868,시험 끝까지 다 봤으면 잘 한 거예요.
grm2206200032684,지나가다 볼 수 있으면 좋겠네요!
grm2207190001100,저는 일단 정말 너무너무 힘들면 하루 늦잠 자고 늦게 가라고 하구 싶어요.
grm2209070063328,아니면 그냥 과거제를 제한적으로 실시했다고...
grm2206150044885,서술자의 생각으로는 볼 수 없나요?
grm2207260003666,수능이기 때문에 최선을 다해 노력해 주세요.
grm2210210112130,그래서 졸업식 꽃다발도 꽃 시장 가서 직접 해왔답니다.
grm2208020069831,그리고 스펙트럼의 세기를 어떻게 구할 수가 있나요?
grm2207220031700,공부랑 미모를 어떻게 다들 챙기는지 궁금해요!
grm2206200025420,여기서 알려드리긴 좀 그렇네요.
grm2207040017536,공통과목의 난도가 높아진 게 뚜렷하게 보이네요.
grm2210110113021,잠 온다랑 반틈은 경상도 사투리인데 부산이 어찌 아나요?
grm2208170052330,신을 완전한 존재로 설명하는 부분은 아니지 않나요?
grm2206140055803,어느 정도 복습하는 게 적당한가요?
grm2208030056980,항상 빠르고 정확한 답변 감사합니다!
grm2209270111839,여러 번 읽으면서 공부했어요.
grm2210110112394,물고기를 잡아야 하는데 놓아주면 어떡합니까?
grm2207150015669,수능 전 알아두시고 시험장 들어가시면 좋을 것 같습니다!
grm2210170112114,공부를 종종 손에 놔버릴 때가 있어요.
grm2210120108615,나도 맞추고서 채점하다 보니 이걸 맞힌 나 자신이 신기함.
grm2206210032619,다니는 학원에도 그 학교를 다니는 사람이 없다.
grm2208120067499,이 문제 관련 추가 질문입니다.
grm2209260114912,아침을 먹기 전 공부를 해야 그날 공부에 집중이 잘 되더라고요.
grm2208230070928,이렇게 풀 때 어디서 오류가 생기는 건가요?
grm2210180099378,또 오늘 아침부터 일 안 하고 고민만 하는 중이에요.
grm2208230064580,항암 효과 인정으로 의도치 않게 고구마 소비량이 증가한 것 아닌가요?
grm2208240091344,그리고 외워야 하는 내용인가요?
grm2208040075975,복습할 때 너무너무 불편하고 시간 낭비가 큽니다.
grm2208300068517,부도체는 그냥 거의 전류가 흐르지 않고요.
grm2207290015521,신생대 때 태평양이 좁아졌다고는 나와있는데 신생대부터 좁아지기 시작했다고는 안 나와있는 것 같습니다.
grm2207200038430,어디까지나 제 개인적인 생각이지만요.
grm2207050027349,정시라면 수능 등급 알려주실 수 있으신가요?
grm2207060028055,제가 감히 그 실력에 맞는 것은 아니다.
grm2210140098905,내가 그렇게 하겠다 하면 다시 그 교수님이랑도 얘기하고 알아봐야 하는 부분인 것 같아.
grm2208080081197,그렇다면 결과적으로는 저항이 발생했을 때처럼 그 외래문화는 해당 사회에서 지위를 잃게 되나요.
grm2208100081539,세대 간 이동에서 부모와 자녀의 계층이 같다고...
grm2209160113491,"연산군, 선조는 저랑 생각이 같네요."
grm2209230100288,차라리 박람회의 가치를 높이기 위한 건데 저거 그냥 문자로 보내줄 수 있어?
grm2209290109257,오답이랑 같이 정리해야겠네요.
grm2207050009069,금속공학과 쪽을 노리려면 부산대나 경북대 가는 게 맞지.
grm2210190099258,벼랑 끝에 서 있다는 생각으로 해야 한다고 하시더라.
grm2208230093541,쉼표가 있어서 헷갈리네요.
grm2208250072896,올해 교재를 사기에는 여력이 부족해서.
grm2208050061412,생각했는데 수능 망치고 재수하고 있어요.
grm2208240073010,이 사진의 경우에는 어떻게 되는지 궁금해요.
grm2209160111484,새내기 때 꿀팁도 있어요.
grm2208050056145,시에서 구절의 범위가 어디까지 되는지 모르겠습니다.
grm2210190118304,만약 정한 양을 계획보다 일찍 끝내면 남은 시간에 다른 보충할 것들 보충했습니다.
grm2206220037399,그런 경우에는 어떡하면 좋을까요?
grm2207070009131,그렇게 풀어도 되고 올해 시험 부터 쭉 내려가도 돼요.
grm2210210105062,오늘 학회 끝나고 과자랑 맥주 마시고 싶어.
grm2210060115886,치기 어린 마음에 선택하는 과목입니다.
grm2209290107498,본과 때를 한의학과라 합니다.
grm2206170050064,염주는 꿈을 꾸기 전 포단에 있었다.
grm2207130009736,추가적으로 하면 좋을 거 말씀해 주시면 감사하겠습니다.
grm2209300114980,제대로 일 안 하면 욕해야죠.
grm2206230002720,왜 거짓인지도 이해가 안 됩니다.
grm2209090074617,이렇게 되는 이유가 궁금합니다.
grm2207200033149,"어떤 흐름으로 푸시는지, 어떻게 접근하시는지 궁금해요!"
grm2206240031880,기다리느라 목 빠지는 줄 알았어요.
grm2209290116851,내년에 소셜 미디어도 파고 싶어요.
grm2207110012306,세상에 제가 어딜 봐서 귀엽다는 걸까요?
grm2209290116801,강의에서 선생님이 치라고 하셔서요.
grm2206300028584,그냥 읽어도 중간에 집중을 놓치는 경우가 있어요.
grm2210070114454,독학 재수하셨다고 해서 아실 것 같아 여쭤봅니다!
grm2206140068982,그러니까 빠르기 때문에 온도가 높다 온도가 높기 때문에 빠르다 둘 다 성립하나요?
grm2209190100375,애들한테 저 학생 얼굴 보이냐고 묻고 그런다.
grm2207060019435,같은 반에서 시험을 봤던 친구는 계속 신경 쓰였다고 했는데 저는 시험에 집중하다 보니 생각보다 덜 신경 쓰이더라고요.
ext0000000121617,그리고 점점 더 더워지고 있다.
grm2210040112076,저도 저렇게 말하면서 별점 테러하는 학생 있어서 화났다.
grm2210110099917,역사적인 가치가 있어야 하고 목조주택이어야 하고 보존해서 다른 시설로 사용하는 사례가 생각보다 없네.
grm2208310072392,근데 어떻게 저렇게 쓸 수 있나요?
grm2208240077751,아니면 작년에 변화된 체제가 올해도 동일하나요?
grm2209020082382,근데 가치의 뜻은 정확히 무엇인가요?
grm2208110079471,여기서 그래프가 왜 올라가야 하나요?
grm2209220116320,저승 가는 길에 사탕 하나 사 먹을게요.
grm2210060105364,진짜... 오는 말이 고와야 가는 말이 곱다는 걸 새삼 느낀다...
grm2207060015591,시험범위의 분량은 어느 정도인가요?
grm2209210109715,이런 식으로 써 내려갔다는 건가요?
grm2209070070317,아니면 고등학교 과정에서는 그냥 암기하는 게 좋나요.
